group,subgroup,BK_CONFIRMED_CASE_COUNT,BK_PROBABLE_CASE_COUNT,BK_CASE_COUNT,BK_HOSPITALIZED_COUNT,BK_DEATH_COUNT,BK_CONFIRMED_CASE_RATE,BK_CASE_RATE,BK_HOSPITALIZED_RATE,BK_DEATH_RATE,BX_CONFIRMED_CASE_COUNT,BX_PROBABLE_CASE_COUNT,BX_CASE_COUNT,BX_HOSPITALIZED_COUNT,BX_DEATH_COUNT,BX_CONFIRMED_CASE_RATE,BX_CASE_RATE,BX_HOSPITALIZED_RATE,BX_DEATH_RATE,MN_CONFIRMED_CASE_COUNT,MN_PROBABLE_CASE_COUNT,MN_CASE_COUNT,MN_HOSPITALIZED_COUNT,MN_DEATH_COUNT,MN_CONFIRMED_CASE_RATE,MN_CASE_RATE,MN_HOSPITALIZED_RATE,MN_DEATH_RATE,QN_CONFIRMED_CASE_COUNT,QN_PROBABLE_CASE_COUNT,QN_CASE_COUNT,QN_HOSPITALIZED_COUNT,QN_DEATH_COUNT,QN_CONFIRMED_CASE_RATE,QN_CASE_RATE,QN_HOSPITALIZED_RATE,QN_DEATH_RATE,SI_CONFIRMED_CASE_COUNT,SI_PROBABLE_CASE_COUNT,SI_CASE_COUNT,SI_HOSPITALIZED_COUNT,SI_DEATH_COUNT,SI_CONFIRMED_CASE_RATE,SI_CASE_RATE,SI_HOSPITALIZED_RATE,SI_DEATH_RATE
Boroughwide,Boroughwide,825318,146524,971842,63572,14267,32240.21,37964.02,2483.38,557.33,450883,105725,556608,44717,8528,31792.47,39247.3,3153.07,601.32,502092,99615,601707,31894,6189,30827.66,36943.87,1958.24,379.99,762710,148922,911632,57841,13465,33840.2,40447.62,2566.31,597.42,192732,36642,229374,12725,2751,40477.76,48173.34,2672.52,577.77
Age,0-4,33361,5897,39258,1337,,18237.43,21461.14,730.9,,19126,4032,23158,1038,,19088.01,23112.01,1035.94,,15427,2322,17749,503,,20260.3,23309.78,660.59,,27937,5432,33369,830,,20377.84,24340.06,605.42,,6583,1316,7899,162,,24065.95,28876.95,592.24,
Age,5-12,65161,11478,76639,677,,25860.06,30415.27,268.68,,38271,10007,48278,527,,24737.11,31205.31,340.64,,24763,4636,29399,236,,24963.03,29636.48,237.91,,52046,10514,62560,370,,26565.09,31931.6,188.85,,14945,2850,17795,75,,32663.14,38891.98,163.92,
Age,13-17,39154,7792,46946,583,,27934.86,33494.15,415.95,,23569,6707,30276,455,,25587.73,32869.19,493.97,,16093,3299,19392,236,,28781.15,34681.17,422.07,,33193,7497,40690,378,,28915.77,35446.71,329.29,,10424,2213,12637,99,,34902.56,42312.32,331.48,
Age,0-17,,,,,20,,,,3.48,,,,,8,,,,2.31,,,,,8,,,,3.46,,,,,11,,,,2.46,,,,,4,,,,3.88
Age,18-24,74986,15257,90243,2001,29,36080.84,43422.01,962.82,13.95,41715,11927,53642,1695,13,29936.8,38496.21,1216.42,9.33,59560,12846,72406,775,8,40892.77,49712.58,532.1,5.49,65854,14894,80748,1400,19,38247.59,46897.93,813.11,11.04,18407,3979,22386,299,8,46397.9,56427.62,753.68,20.17
Age,25-34,172488,34196,206684,5124,130,36696.37,43971.48,1090.12,27.66,80258,19939,100197,3999,101,35296.39,44065.3,1758.71,44.42,126726,28049,154775,2359,51,35018.89,42769.82,651.88,14.09,143096,29538,172634,4485,119,39784.58,47996.95,1246.95,33.09,32359,6197,38556,679,15,49999.23,59574.47,1049.15,23.18
Age,35-44,132826,23779,156605,5144,299,37103.69,43746.12,1436.93,83.52,70362,16432,86794,4189,253,39222.05,48381.77,2335.08,141.03,76279,14755,91034,2458,100,32576.01,38877.33,1049.72,42.71,124510,23510,148020,5000,322,40663.63,48341.74,1632.95,105.16,29186,5228,34414,910,52,49322.34,58157.3,1537.84,87.88
Age,45-54,103921,17478,121399,6333,818,35183.81,41101.21,2144.12,276.94,63485,13905,77390,5472,617,36534.98,44537.16,3149.08,355.08,59165,11403,70568,3000,258,30250.58,36080.85,1533.88,131.91,111457,20730,132187,6529,773,37251.55,44180,2182.15,258.35,28766,5138,33904,1440,145,44826.4,52833.01,2243.97,225.96
Age,55-64,93206,14792,107998,10351,1941,32619.74,37796.56,3622.59,679.3,58556,12370,70926,8354,1439,36026.7,43637.37,5139.82,885.35,54384,10221,64605,5112,674,29547.05,35100.16,2777.37,366.19,101240,18807,120047,10528,2054,33694.1,39953.34,3503.87,683.6,26205,4843,31048,2241,308,39626.49,46949.95,3388.78,465.75
Age,65-74,62849,9387,72236,12581,3331,29893.5,34358.34,5984.03,1584.36,32065,6168,38233,8379,2086,30624.72,36515.67,8002.64,1992.3,36944,6669,43613,5919,1210,24742.99,29209.5,3964.21,810.39,59829,10627,70456,11297,3096,28780.68,33892.79,5434.41,1489.33,15029,2935,17964,2697,613,32210.29,38500.61,5780.24,1313.79
Age,75+,46922,6280,53202,19436,7699,29765.1,33748.83,12329.28,4883.88,23170,4162,27332,10586,4010,27562.66,32513.71,12592.94,4770.23,32377,5298,37675,11261,3880,25531.9,29709.8,8880.21,3059.7,43210,7289,50499,17019,7071,26929.84,31472.57,10606.78,4406.87,10793,1911,12704,4123,1606,33064.76,38919.18,12630.97,4920.04
Race/ethnicity,Asian/Pacific-Islander,83952,12845,96797,4251,985,26092.53,30084.45,1319.16,328.53,15814,3621,19435,1314,217,26951.57,33201.66,2159.14,374.12,53115,9396,62511,2147,544,24979.05,29302.54,957.56,234.96,160831,29608,190439,10166,2246,26604.85,31559.07,1482.12,332.39,14718,2708,17426,625,155,28950.93,34295.82,1142.28,298.58
Race/ethnicity,Black/African-American,167853,29351,197204,22305,5115,21875.15,25774.77,2550.6,557.38,105145,21722,126867,14680,2709,25162.87,30415.06,3311.07,607.92,54799,9844,64643,7752,1341,26538.28,31422.84,3194.28,514.28,99290,18843,118133,10949,2467,24411.68,29107.11,2294.4,487.71,13596,2598,16194,1361,260,30450.95,36254.6,3127.05,660.21
Race/ethnicity,Hispanic/Latino,142150,27008,169158,11604,2455,29351.32,34891.91,2536.77,569.64,228107,54312,282419,20817,3888,28758.05,35555.99,2775.09,552.76,116480,23861,140341,10704,2108,27321.94,32938.17,2276.84,425.05,209134,40164,249298,17167,3410,32789.09,39080.98,2789.52,592.76,33477,7452,40929,2487,376,38387.66,46784.9,3521.29,650.89
Race/ethnicity,White,234129,45391,279520,20180,4853,24446.32,29201.79,1914.24,437.02,34189,7812,42001,4675,1211,27086.54,33408.84,2372.51,450.74,178186,38908,217094,8589,1830,22344.11,27051.6,876.75,168.93,146578,32117,178695,13799,4033,26066.33,31843.58,1595.2,390.56,101503,18114,119617,7628,1857,36099.4,42475.75,1959.1,428.58
Sex,Female,454673,81078,535751,32619,6429,33736.73,39752.72,2420.33,477.03,255572,61416,316988,22842,3756,34137.3,42340.77,3051.06,501.7,271136,53802,324938,15393,2804,31629.39,37905.67,1795.67,327.1,410774,80148,490922,27357,5651,35412.5,42321.99,2358.43,487.17,101412,19375,120787,6200,1265,41424.27,49338.47,2532.55,516.72
Sex,Male,368665,63020,431685,30940,7838,30413.04,35611.87,2552.4,646.6,194645,42883,237528,21870,4772,29071.1,35475.87,3266.38,712.72,226957,44141,271098,16493,3384,29418.47,35140.08,2137.84,438.64,350515,66209,416724,30473,7813,32043.01,38095.64,2785.75,714.24,91152,16815,107967,6525,1486,39403.45,46672.29,2820.65,642.37
